Mónica Alejandra,Guzmán Rodríguez,02/11/1945,7893164-7,F,per.inceptos.hymenaeos@felis.edu,98927401,calle falsa #123
Mara agustina,Miranda Henríquez,12/10/1950,10205507-1,F,pellentesque@liberonec.co.uk,98383344,calle falsa #123
Jessica Andrea,López Sáez,25/05/1980,46052493-8,F,luctus.ut@scelerisqueneque.co.uk,96461668,calle falsa #123
Isamar Andres,Cáceres Vega,15/06/1960,48523754-2,F,dictum.magna.Ut@justo.com,96032031,calle falsa #123
Marian Rodrigo,Escobar Valdés,24/11/1997,46358536-9,F,Phasellus.dolor@eleifendnondapibus.edu,91970202,calle falsa #123
Maikol sebastian,San Martín Alvarado,09/11/2010,M,14335546-2,Nam.ligula.elit@sapienNuncpulvinar.ca,95602912,calle falsa #123
Pedro antonio,Molina Reyes,05/05/1996,7801195-5,M,quis.massa@risusquisdiam.co.uk,92013563,calle falsa #123
Jeremy andres,Maldonado Jiménez,05/04/1993,36463599-0,M,iaculis.enim.sit@laoreetlibero.org,91560766,calle falsa #123
Gregorio manuel,García Castillo,01/10/1990,28046474-0,M,Integer.aliquam@Suspendisse.edu,96395527,calle falsa #123
Gerard juan,Cáceres Bustamante,13/10/2000,35370369-2,M,blandit@intempuseu.com,96703230,calle falsa #123
Rebeca maria,Bravo Flores,05/07/1950,14199293-7,F,nulla@Craseutellus.edu,99361097,calle falsa #123
Jasmín angela,Cárdenas Sandoval,03/02/1992,6264918-6,F,est.ac@velconvallis.net,98266791,calle falsa #123
Rafaela antonia,Donoso Espinoza,10/10/1991,21543474-5,F,pharetra.Nam.ac@arcuimperdiet.co.uk,97716659,calle falsa #123
Diego Sebastian,Toro Carrasco,02/01/1985,50410717-5,M,ipsum.leo@sed.net,92098037,calle falsa #123
Aldair franco,Salinas Araya,29/05/1980,16749450-1,M,erat@Sedauctor.net,99477363,calle falsa #123
Theodoro felipe,Valenzuela Herrera,10/11/1990,33271987-4,M,magna.Duis@mattissemper.ca,98490674,calle falsa #123